fault_severity,success_rate,mean_rmse,rmse_delta,mean_max_roll_deg,mean_max_pitch_deg
1.0,0.0,101.62554880130544,0.0,132.41460401028144,76.59995023947641
0.7,0.0,74.20020143665877,-27.42534736464667,179.9355054122879,88.32320670133461
0.5,0.0,36.190704397224735,-65.4348444040807,179.58527668984055,78.0344566995111
0.3,0.0,53.35452329924331,-48.27102550206213,179.725265793553,80.04971227076257
